[{"Index":0,"Year":1987.0,"Location":"ORD","Incount":67830.0,"Outcount":67216.0,"Latitude":"41.9808","Longitude":"87.9067"},{"Index":20,"Year":1988.0,"Location":"ORD","Incount":274766.0,"Outcount":271494.0,"Latitude":"41.9808","Longitude":"87.9067"},{"Index":40,"Year":1989.0,"Location":"ORD","Incount":266877.0,"Outcount":261259.0,"Latitude":"41.9808","Longitude":"87.9067"},{"Index":60,"Year":1990.0,"Location":"ORD","Incount":274994.0,"Outcount":269128.0,"Latitude":"41.9808","Longitude":"87.9067"},{"Index":80,"Year":1991.0,"Location":"ORD","Incount":268493.0,"Outcount":263145.0,"Latitude":"41.9808","Longitude":"87.9067"},{"Index":100,"Year":1992.0,"Location":"ORD","Incount":281971.0,"Outcount":275185.0,"Latitude":"41.9808","Longitude":"87.9067"},{"Index":120,"Year":1993.0,"Location":"ORD","Incount":292692.0,"Outcount":286055.0,"Latitude":"41.9808","Longitude":"87.9067"},{"Index":140,"Year":1994.0,"Location":"ORD","Incount":283720.0,"Outcount":277741.0,"Latitude":"41.9808","Longitude":"87.9067"},{"Index":160,"Year":1995.0,"Location":"ORD","Incount":293472.0,"Outcount":293422.0,"Latitude":"41.9808","Longitude":"87.9067"},{"Index":180,"Year":1996.0,"Location":"ORD","Incount":296247.0,"Outcount":296234.0,"Latitude":"41.9808","Longitude":"87.9067"},{"Index":200,"Year":1997.0,"Location":"ORD","Incount":297527.0,"Outcount":297490.0,"Latitude":"41.9808","Longitude":"87.9067"},{"Index":220,"Year":1998.0,"Location":"ORD","Incount":294910.0,"Outcount":294896.0,"Latitude":"41.9808","Longitude":"87.9067"},{"Index":240,"Year":1999.0,"Location":"ORD","Incount":298280.0,"Outcount":298251.0,"Latitude":"41.9808","Longitude":"87.9067"},{"Index":260,"Year":2000.0,"Location":"ORD","Incount":296868.0,"Outcount":296771.0,"Latitude":"41.9808","Longitude":"87.9067"},{"Index":280,"Year":2001.0,"Location":"ORD","Incount":341352.0,"Outcount":341284.0,"Latitude":"41.9808","Longitude":"87.9067"},{"Index":300,"Year":2002.0,"Location":"ORD","Incount":327394.0,"Outcount":327388.0,"Latitude":"41.9808","Longitude":"87.9067"},{"Index":321,"Year":2003.0,"Location":"ORD","Incount":366727.0,"Outcount":366705.0,"Latitude":"41.9808","Longitude":"87.9067"},{"Index":341,"Year":2004.0,"Location":"ORD","Incount":376206.0,"Outcount":376170.0,"Latitude":"41.9808","Longitude":"87.9067"},{"Index":361,"Year":2005.0,"Location":"ORD","Incount":337742.0,"Outcount":337708.0,"Latitude":"41.9808","Longitude":"87.9067"},{"Index":381,"Year":2006.0,"Location":"ORD","Incount":373799.0,"Outcount":373736.0,"Latitude":"41.9808","Longitude":"87.9067"},{"Index":401,"Year":2007.0,"Location":"ORD","Incount":375716.0,"Outcount":375784.0,"Latitude":"41.9808","Longitude":"87.9067"},{"Index":421,"Year":2008.0,"Location":"ORD","Incount":350452.0,"Outcount":350380.0,"Latitude":"41.9808","Longitude":"87.9067"},{"Index":1,"Year":1987.0,"Location":"ATL","Incount":66783.0,"Outcount":66309.0,"Latitude":"33.6367","Longitude":"84.4281"},{"Index":21,"Year":1988.0,"Location":"ATL","Incount":260573.0,"Outcount":259731.0,"Latitude":"33.6367","Longitude":"84.4281"},{"Index":42,"Year":1989.0,"Location":"ATL","Incount":224590.0,"Outcount":224036.0,"Latitude":"33.6367","Longitude":"84.4281"},{"Index":61,"Year":1990.0,"Location":"ATL","Incount":271125.0,"Outcount":269397.0,"Latitude":"33.6367","Longitude":"84.4281"},{"Index":82,"Year":1991.0,"Location":"ATL","Incount":187997.0,"Outcount":188408.0,"Latitude":"33.6367","Longitude":"84.4281"},{"Index":102,"Year":1992.0,"Location":"ATL","Incount":202723.0,"Outcount":203087.0,"Latitude":"33.6367","Longitude":"84.4281"},{"Index":122,"Year":1993.0,"Location":"ATL","Incount":220740.0,"Outcount":220818.0,"Latitude":"33.6367","Longitude":"84.4281"},{"Index":142,"Year":1994.0,"Location":"ATL","Incount":221588.0,"Outcount":221486.0,"Latitude":"33.6367","Longitude":"84.4281"},{"Index":162,"Year":1995.0,"Location":"ATL","Incount":230485.0,"Outcount":230470.0,"Latitude":"33.6367","Longitude":"84.4281"},{"Index":182,"Year":1996.0,"Location":"ATL","Incount":241543.0,"Outcount":241609.0,"Latitude":"33.6367","Longitude":"84.4281"},{"Index":202,"Year":1997.0,"Location":"ATL","Incount":250164.0,"Outcount":250222.0,"Latitude":"33.6367","Longitude":"84.4281"},{"Index":221,"Year":1998.0,"Location":"ATL","Incount":255287.0,"Outcount":255380.0,"Latitude":"33.6367","Longitude":"84.4281"},{"Index":241,"Year":1999.0,"Location":"ATL","Incount":263478.0,"Outcount":263865.0,"Latitude":"33.6367","Longitude":"84.4281"},{"Index":261,"Year":2000.0,"Location":"ATL","Incount":265117.0,"Outcount":265708.0,"Latitude":"33.6367","Longitude":"84.4281"},{"Index":282,"Year":2001.0,"Location":"ATL","Incount":251492.0,"Outcount":251671.0,"Latitude":"33.6367","Longitude":"84.4281"},{"Index":302,"Year":2002.0,"Location":"ATL","Incount":231898.0,"Outcount":231928.0,"Latitude":"33.6367","Longitude":"84.4281"},{"Index":320,"Year":2003.0,"Location":"ATL","Incount":368659.0,"Outcount":368743.0,"Latitude":"33.6367","Longitude":"84.4281"},{"Index":340,"Year":2004.0,"Location":"ATL","Incount":416989.0,"Outcount":418072.0,"Latitude":"33.6367","Longitude":"84.4281"},{"Index":360,"Year":2005.0,"Location":"ATL","Incount":429800.0,"Outcount":433678.0,"Latitude":"33.6367","Longitude":"84.4281"},{"Index":380,"Year":2006.0,"Location":"ATL","Incount":404829.0,"Outcount":407971.0,"Latitude":"33.6367","Longitude":"84.4281"},{"Index":400,"Year":2007.0,"Location":"ATL","Incount":413805.0,"Outcount":413851.0,"Latitude":"33.6367","Longitude":"84.4281"},{"Index":420,"Year":2008.0,"Location":"ATL","Incount":414521.0,"Outcount":414513.0,"Latitude":"33.6367","Longitude":"84.4281"},{"Index":2,"Year":1987.0,"Location":"DFW","Incount":52450.0,"Outcount":51860.0,"Latitude":"32.8969","Longitude":"97.0381"},{"Index":22,"Year":1988.0,"Location":"DFW","Incount":220266.0,"Outcount":216849.0,"Latitude":"32.8969","Longitude":"97.0381"},{"Index":41,"Year":1989.0,"Location":"DFW","Incount":233061.0,"Outcount":228360.0,"Latitude":"32.8969","Longitude":"97.0381"},{"Index":62,"Year":1990.0,"Location":"DFW","Incount":244448.0,"Outcount":237924.0,"Latitude":"32.8969","Longitude":"97.0381"},{"Index":81,"Year":1991.0,"Location":"DFW","Incount":247944.0,"Outcount":243221.0,"Latitude":"32.8969","Longitude":"97.0381"},{"Index":101,"Year":1992.0,"Location":"DFW","Incount":258319.0,"Outcount":253247.0,"Latitude":"32.8969","Longitude":"97.0381"},{"Index":121,"Year":1993.0,"Location":"DFW","Incount":265401.0,"Outcount":260475.0,"Latitude":"32.8969","Longitude":"97.0381"},{"Index":141,"Year":1994.0,"Location":"DFW","Incount":260249.0,"Outcount":256274.0,"Latitude":"32.8969","Longitude":"97.0381"},{"Index":161,"Year":1995.0,"Location":"DFW","Incount":268159.0,"Outcount":268127.0,"Latitude":"32.8969","Longitude":"97.0381"},{"Index":181,"Year":1996.0,"Location":"DFW","Incount":249367.0,"Outcount":249351.0,"Latitude":"32.8969","Longitude":"97.0381"},{"Index":201,"Year":1997.0,"Location":"DFW","Incount":251175.0,"Outcount":251115.0,"Latitude":"32.8969","Longitude":"97.0381"},{"Index":222,"Year":1998.0,"Location":"DFW","Incount":244049.0,"Outcount":244013.0,"Latitude":"32.8969","Longitude":"97.0381"},{"Index":242,"Year":1999.0,"Location":"DFW","Incount":245144.0,"Outcount":245036.0,"Latitude":"32.8969","Longitude":"97.0381"},{"Index":262,"Year":2000.0,"Location":"DFW","Incount":247029.0,"Outcount":246913.0,"Latitude":"32.8969","Longitude":"97.0381"},{"Index":281,"Year":2001.0,"Location":"DFW","Incount":312325.0,"Outcount":312036.0,"Latitude":"32.8969","Longitude":"97.0381"},{"Index":301,"Year":2002.0,"Location":"DFW","Incount":281410.0,"Outcount":281299.0,"Latitude":"32.8969","Longitude":"97.0381"},{"Index":322,"Year":2003.0,"Location":"DFW","Incount":332770.0,"Outcount":332579.0,"Latitude":"32.8969","Longitude":"97.0381"},{"Index":342,"Year":2004.0,"Location":"DFW","Incount":344022.0,"Outcount":344834.0,"Latitude":"32.8969","Longitude":"97.0381"},{"Index":362,"Year":2005.0,"Location":"DFW","Incount":307811.0,"Outcount":307678.0,"Latitude":"32.8969","Longitude":"97.0381"},{"Index":382,"Year":2006.0,"Location":"DFW","Incount":301312.0,"Outcount":301163.0,"Latitude":"32.8969","Longitude":"97.0381"},{"Index":402,"Year":2007.0,"Location":"DFW","Incount":297481.0,"Outcount":297345.0,"Latitude":"32.8969","Longitude":"97.0381"},{"Index":422,"Year":2008.0,"Location":"DFW","Incount":281401.0,"Outcount":281281.0,"Latitude":"32.8969","Longitude":"97.0381"},{"Index":3,"Year":1987.0,"Location":"LAX","Incount":45597.0,"Outcount":45646.0,"Latitude":"33.9425","Longitude":"118.4072"},{"Index":23,"Year":1988.0,"Location":"LAX","Incount":169699.0,"Outcount":169696.0,"Latitude":"33.9425","Longitude":"118.4072"},{"Index":43,"Year":1989.0,"Location":"LAX","Incount":162763.0,"Outcount":163487.0,"Latitude":"33.9425","Longitude":"118.4072"},{"Index":63,"Year":1990.0,"Location":"LAX","Incount":169449.0,"Outcount":169847.0,"Latitude":"33.9425","Longitude":"118.4072"},{"Index":83,"Year":1991.0,"Location":"LAX","Incount":156845.0,"Outcount":156947.0,"Latitude":"33.9425","Longitude":"118.4072"},{"Index":103,"Year":1992.0,"Location":"LAX","Incount":155270.0,"Outcount":155639.0,"Latitude":"33.9425","Longitude":"118.4072"},{"Index":124,"Year":1993.0,"Location":"LAX","Incount":151456.0,"Outcount":152353.0,"Latitude":"33.9425","Longitude":"118.4072"},{"Index":143,"Year":1994.0,"Location":"LAX","Incount":152959.0,"Outcount":153494.0,"Latitude":"33.9425","Longitude":"118.4072"},{"Index":163,"Year":1995.0,"Location":"LAX","Incount":179950.0,"Outcount":179909.0,"Latitude":"33.9425","Longitude":"118.4072"},{"Index":183,"Year":1996.0,"Location":"LAX","Incount":184128.0,"Outcount":184108.0,"Latitude":"33.9425","Longitude":"118.4072"},{"Index":203,"Year":1997.0,"Location":"LAX","Incount":188144.0,"Outcount":188094.0,"Latitude":"33.9425","Longitude":"118.4072"},{"Index":223,"Year":1998.0,"Location":"LAX","Incount":184129.0,"Outcount":184078.0,"Latitude":"33.9425","Longitude":"118.4072"},{"Index":243,"Year":1999.0,"Location":"LAX","Incount":191831.0,"Outcount":191762.0,"Latitude":"33.9425","Longitude":"118.4072"},{"Index":263,"Year":2000.0,"Location":"LAX","Incount":212151.0,"Outcount":212118.0,"Latitude":"33.9425","Longitude":"118.4072"},{"Index":283,"Year":2001.0,"Location":"LAX","Incount":225035.0,"Outcount":224984.0,"Latitude":"33.9425","Longitude":"118.4072"},{"Index":303,"Year":2002.0,"Location":"LAX","Incount":182434.0,"Outcount":182401.0,"Latitude":"33.9425","Longitude":"118.4072"},{"Index":323,"Year":2003.0,"Location":"LAX","Incount":224117.0,"Outcount":223971.0,"Latitude":"33.9425","Longitude":"118.4072"},{"Index":343,"Year":2004.0,"Location":"LAX","Incount":232732.0,"Outcount":232621.0,"Latitude":"33.9425","Longitude":"118.4072"},{"Index":363,"Year":2005.0,"Location":"LAX","Incount":230980.0,"Outcount":230864.0,"Latitude":"33.9425","Longitude":"118.4072"},{"Index":383,"Year":2006.0,"Location":"LAX","Incount":233900.0,"Outcount":233788.0,"Latitude":"33.9425","Longitude":"118.4072"},{"Index":404,"Year":2007.0,"Location":"LAX","Incount":237676.0,"Outcount":237597.0,"Latitude":"33.9425","Longitude":"118.4072"},{"Index":424,"Year":2008.0,"Location":"LAX","Incount":215685.0,"Outcount":215608.0,"Latitude":"33.9425","Longitude":"118.4072"},{"Index":4,"Year":1987.0,"Location":"DEN","Incount":44284.0,"Outcount":43376.0,"Latitude":"39.8617","Longitude":"104.6731"},{"Index":24,"Year":1988.0,"Location":"DEN","Incount":163598.0,"Outcount":161146.0,"Latitude":"39.8617","Longitude":"104.6731"},{"Index":44,"Year":1989.0,"Location":"DEN","Incount":139573.0,"Outcount":138407.0,"Latitude":"39.8617","Longitude":"104.6731"},{"Index":65,"Year":1990.0,"Location":"DEN","Incount":138930.0,"Outcount":137179.0,"Latitude":"39.8617","Longitude":"104.6731"},{"Index":84,"Year":1991.0,"Location":"DEN","Incount":139419.0,"Outcount":137302.0,"Latitude":"39.8617","Longitude":"104.6731"},{"Index":104,"Year":1992.0,"Location":"DEN","Incount":149359.0,"Outcount":147758.0,"Latitude":"39.8617","Longitude":"104.6731"},{"Index":123,"Year":1993.0,"Location":"DEN","Incount":161638.0,"Outcount":159039.0,"Latitude":"39.8617","Longitude":"104.6731"},{"Index":145,"Year":1994.0,"Location":"DEN","Incount":144099.0,"Outcount":141427.0,"Latitude":"39.8617","Longitude":"104.6731"},{"Index":169,"Year":1995.0,"Location":"DEN","Incount":130322.0,"Outcount":130327.0,"Latitude":"39.8617","Longitude":"104.6731"},{"Index":189,"Year":1996.0,"Location":"DEN","Incount":131727.0,"Outcount":131724.0,"Latitude":"39.8617","Longitude":"104.6731"},{"Index":209,"Year":1997.0,"Location":"DEN","Incount":135203.0,"Outcount":135202.0,"Latitude":"39.8617","Longitude":"104.6731"},{"Index":229,"Year":1998.0,"Location":"DEN","Incount":136362.0,"Outcount":136349.0,"Latitude":"39.8617","Longitude":"104.6731"},{"Index":249,"Year":1999.0,"Location":"DEN","Incount":135811.0,"Outcount":135777.0,"Latitude":"39.8617","Longitude":"104.6731"},{"Index":269,"Year":2000.0,"Location":"DEN","Incount":137296.0,"Outcount":137302.0,"Latitude":"39.8617","Longitude":"104.6731"},{"Index":290,"Year":2001.0,"Location":"DEN","Incount":132593.0,"Outcount":132591.0,"Latitude":"39.8617","Longitude":"104.6731"},{"Index":309,"Year":2002.0,"Location":"DEN","Incount":120388.0,"Outcount":120274.0,"Latitude":"39.8617","Longitude":"104.6731"},{"Index":329,"Year":2003.0,"Location":"DEN","Incount":141908.0,"Outcount":141824.0,"Latitude":"39.8617","Longitude":"104.6731"},{"Index":349,"Year":2004.0,"Location":"DEN","Incount":155202.0,"Outcount":155205.0,"Latitude":"39.8617","Longitude":"104.6731"},{"Index":366,"Year":2005.0,"Location":"DEN","Incount":182917.0,"Outcount":182849.0,"Latitude":"39.8617","Longitude":"104.6731"},{"Index":384,"Year":2006.0,"Location":"DEN","Incount":232365.0,"Outcount":232476.0,"Latitude":"39.8617","Longitude":"104.6731"},{"Index":403,"Year":2007.0,"Location":"DEN","Incount":240758.0,"Outcount":240928.0,"Latitude":"39.8617","Longitude":"104.6731"},{"Index":423,"Year":2008.0,"Location":"DEN","Incount":241470.0,"Outcount":241443.0,"Latitude":"39.8617","Longitude":"104.6731"},{"Index":5,"Year":1987.0,"Location":"SFO","Incount":34948.0,"Outcount":35155.0,"Latitude":"37.6189","Longitude":"122.375"},{"Index":26,"Year":1988.0,"Location":"SFO","Incount":130042.0,"Outcount":131614.0,"Latitude":"37.6189","Longitude":"122.375"},{"Index":47,"Year":1989.0,"Location":"SFO","Incount":125189.0,"Outcount":126406.0,"Latitude":"37.6189","Longitude":"122.375"},{"Index":66,"Year":1990.0,"Location":"SFO","Incount":129181.0,"Outcount":130342.0,"Latitude":"37.6189","Longitude":"122.375"},{"Index":86,"Year":1991.0,"Location":"SFO","Incount":123073.0,"Outcount":123999.0,"Latitude":"37.6189","Longitude":"122.375"},{"Index":110,"Year":1992.0,"Location":"SFO","Incount":121517.0,"Outcount":122477.0,"Latitude":"37.6189","Longitude":"122.375"},{"Index":131,"Year":1993.0,"Location":"SFO","Incount":116348.0,"Outcount":117581.0,"Latitude":"37.6189","Longitude":"122.375"},{"Index":151,"Year":1994.0,"Location":"SFO","Incount":117245.0,"Outcount":118233.0,"Latitude":"37.6189","Longitude":"122.375"},{"Index":170,"Year":1995.0,"Location":"SFO","Incount":129158.0,"Outcount":129137.0,"Latitude":"37.6189","Longitude":"122.375"},{"Index":188,"Year":1996.0,"Location":"SFO","Incount":135698.0,"Outcount":135678.0,"Latitude":"37.6189","Longitude":"122.375"},{"Index":207,"Year":1997.0,"Location":"SFO","Incount":138190.0,"Outcount":138191.0,"Latitude":"37.6189","Longitude":"122.375"},{"Index":227,"Year":1998.0,"Location":"SFO","Incount":139884.0,"Outcount":139853.0,"Latitude":"37.6189","Longitude":"122.375"},{"Index":248,"Year":1999.0,"Location":"SFO","Incount":136995.0,"Outcount":136952.0,"Latitude":"37.6189","Longitude":"122.375"},{"Index":270,"Year":2000.0,"Location":"SFO","Incount":135052.0,"Outcount":135032.0,"Latitude":"37.6189","Longitude":"122.375"},{"Index":293,"Year":2001.0,"Location":"SFO","Incount":121738.0,"Outcount":121735.0,"Latitude":"37.6189","Longitude":"122.375"},{"Index":316,"Year":2002.0,"Location":"SFO","Incount":99168.0,"Outcount":99288.0,"Latitude":"37.6189","Longitude":"122.375"},{"Index":332,"Year":2003.0,"Location":"SFO","Incount":122346.0,"Outcount":122334.0,"Latitude":"37.6189","Longitude":"122.375"},{"Index":355,"Year":2004.0,"Location":"SFO","Incount":130110.0,"Outcount":130008.0,"Latitude":"37.6189","Longitude":"122.375"},{"Index":373,"Year":2005.0,"Location":"SFO","Incount":128988.0,"Outcount":128973.0,"Latitude":"37.6189","Longitude":"122.375"},{"Index":390,"Year":2006.0,"Location":"SFO","Incount":131805.0,"Outcount":131844.0,"Latitude":"37.6189","Longitude":"122.375"},{"Index":412,"Year":2007.0,"Location":"SFO","Incount":138422.0,"Outcount":138491.0,"Latitude":"37.6189","Longitude":"122.375"},{"Index":429,"Year":2008.0,"Location":"SFO","Incount":140579.0,"Outcount":140587.0,"Latitude":"37.6189","Longitude":"122.375"},{"Index":6,"Year":1987.0,"Location":"STL","Incount":32690.0,"Outcount":32097.0,"Latitude":"38.7486","Longitude":"90.37"},{"Index":25,"Year":1988.0,"Location":"STL","Incount":130212.0,"Outcount":127429.0,"Latitude":"38.7486","Longitude":"90.37"},{"Index":46,"Year":1989.0,"Location":"STL","Incount":130038.0,"Outcount":128097.0,"Latitude":"38.7486","Longitude":"90.37"},{"Index":67,"Year":1990.0,"Location":"STL","Incount":128618.0,"Outcount":126694.0,"Latitude":"38.7486","Longitude":"90.37"},{"Index":88,"Year":1991.0,"Location":"STL","Incount":121105.0,"Outcount":119900.0,"Latitude":"38.7486","Longitude":"90.37"},{"Index":109,"Year":1992.0,"Location":"STL","Incount":124470.0,"Outcount":123651.0,"Latitude":"38.7486","Longitude":"90.37"},{"Index":126,"Year":1993.0,"Location":"STL","Incount":133500.0,"Outcount":133011.0,"Latitude":"38.7486","Longitude":"90.37"},{"Index":144,"Year":1994.0,"Location":"STL","Incount":152800.0,"Outcount":151609.0,"Latitude":"38.7486","Longitude":"90.37"},{"Index":164,"Year":1995.0,"Location":"STL","Incount":174846.0,"Outcount":174847.0,"Latitude":"38.7486","Longitude":"90.37"},{"Index":184,"Year":1996.0,"Location":"STL","Incount":178528.0,"Outcount":178507.0,"Latitude":"38.7486","Longitude":"90.37"},{"Index":204,"Year":1997.0,"Location":"STL","Incount":177072.0,"Outcount":177067.0,"Latitude":"38.7486","Longitude":"90.37"},{"Index":224,"Year":1998.0,"Location":"STL","Incount":176001.0,"Outcount":176030.0,"Latitude":"38.7486","Longitude":"90.37"},{"Index":245,"Year":1999.0,"Location":"STL","Incount":175682.0,"Outcount":175708.0,"Latitude":"38.7486","Longitude":"90.37"},{"Index":265,"Year":2000.0,"Location":"STL","Incount":169596.0,"Outcount":169606.0,"Latitude":"38.7486","Longitude":"90.37"},{"Index":285,"Year":2001.0,"Location":"STL","Incount":162290.0,"Outcount":162187.0,"Latitude":"38.7486","Longitude":"90.37"},{"Index":307,"Year":2002.0,"Location":"STL","Incount":132592.0,"Outcount":132565.0,"Latitude":"38.7486","Longitude":"90.37"},{"Index":339,"Year":2003.0,"Location":"STL","Incount":100922.0,"Outcount":100904.0,"Latitude":"38.7486","Longitude":"90.37"},{"Index":7,"Year":1987.0,"Location":"EWR","Incount":31058.0,"Outcount":30991.0,"Latitude":"40.6925","Longitude":"74.1686"},{"Index":27,"Year":1988.0,"Location":"EWR","Incount":126216.0,"Outcount":125333.0,"Latitude":"40.6925","Longitude":"74.1686"},{"Index":50,"Year":1989.0,"Location":"EWR","Incount":113914.0,"Outcount":113843.0,"Latitude":"40.6925","Longitude":"74.1686"},{"Index":70,"Year":1990.0,"Location":"EWR","Incount":117659.0,"Outcount":117938.0,"Latitude":"40.6925","Longitude":"74.1686"},{"Index":91,"Year":1991.0,"Location":"EWR","Incount":113596.0,"Outcount":113779.0,"Latitude":"40.6925","Longitude":"74.1686"},{"Index":112,"Year":1992.0,"Location":"EWR","Incount":116040.0,"Outcount":115895.0,"Latitude":"40.6925","Longitude":"74.1686"},{"Index":132,"Year":1993.0,"Location":"EWR","Incount":114078.0,"Outcount":113486.0,"Latitude":"40.6925","Longitude":"74.1686"},{"Index":152,"Year":1994.0,"Location":"EWR","Incount":117223.0,"Outcount":116768.0,"Latitude":"40.6925","Longitude":"74.1686"},{"Index":174,"Year":1995.0,"Location":"EWR","Incount":109570.0,"Outcount":109592.0,"Latitude":"40.6925","Longitude":"74.1686"},{"Index":194,"Year":1996.0,"Location":"EWR","Incount":118846.0,"Outcount":118865.0,"Latitude":"40.6925","Longitude":"74.1686"},{"Index":212,"Year":1997.0,"Location":"EWR","Incount":121781.0,"Outcount":121785.0,"Latitude":"40.6925","Longitude":"74.1686"},{"Index":232,"Year":1998.0,"Location":"EWR","Incount":120209.0,"Outcount":120213.0,"Latitude":"40.6925","Longitude":"74.1686"},{"Index":251,"Year":1999.0,"Location":"EWR","Incount":125816.0,"Outcount":125810.0,"Latitude":"40.6925","Longitude":"74.1686"},{"Index":273,"Year":2000.0,"Location":"EWR","Incount":124496.0,"Outcount":124496.0,"Latitude":"40.6925","Longitude":"74.1686"},{"Index":294,"Year":2001.0,"Location":"EWR","Incount":120494.0,"Outcount":120522.0,"Latitude":"40.6925","Longitude":"74.1686"},{"Index":314,"Year":2002.0,"Location":"EWR","Incount":102408.0,"Outcount":102416.0,"Latitude":"40.6925","Longitude":"74.1686"},{"Index":326,"Year":2003.0,"Location":"EWR","Incount":150424.0,"Outcount":150412.0,"Latitude":"40.6925","Longitude":"74.1686"},{"Index":348,"Year":2004.0,"Location":"EWR","Incount":158137.0,"Outcount":158150.0,"Latitude":"40.6925","Longitude":"74.1686"},{"Index":370,"Year":2005.0,"Location":"EWR","Incount":155609.0,"Outcount":155635.0,"Latitude":"40.6925","Longitude":"74.1686"},{"Index":388,"Year":2006.0,"Location":"EWR","Incount":158256.0,"Outcount":158291.0,"Latitude":"40.6925","Longitude":"74.1686"},{"Index":410,"Year":2007.0,"Location":"EWR","Incount":154093.0,"Outcount":154113.0,"Latitude":"40.6925","Longitude":"74.1686"},{"Index":431,"Year":2008.0,"Location":"EWR","Incount":138491.0,"Outcount":138506.0,"Latitude":"40.6925","Longitude":"74.1686"},{"Index":8,"Year":1987.0,"Location":"PHX","Incount":30234.0,"Outcount":29848.0,"Latitude":"33.4342","Longitude":"112.0117"},{"Index":28,"Year":1988.0,"Location":"PHX","Incount":122526.0,"Outcount":121444.0,"Latitude":"33.4342","Longitude":"112.0117"},{"Index":45,"Year":1989.0,"Location":"PHX","Incount":131055.0,"Outcount":130180.0,"Latitude":"33.4342","Longitude":"112.0117"},{"Index":64,"Year":1990.0,"Location":"PHX","Incount":139339.0,"Outcount":138558.0,"Latitude":"33.4342","Longitude":"112.0117"},{"Index":85,"Year":1991.0,"Location":"PHX","Incount":138119.0,"Outcount":137343.0,"Latitude":"33.4342","Longitude":"112.0117"},{"Index":105,"Year":1992.0,"Location":"PHX","Incount":137129.0,"Outcount":136403.0,"Latitude":"33.4342","Longitude":"112.0117"},{"Index":125,"Year":1993.0,"Location":"PHX","Incount":134926.0,"Outcount":134172.0,"Latitude":"33.4342","Longitude":"112.0117"},{"Index":146,"Year":1994.0,"Location":"PHX","Incount":140979.0,"Outcount":139581.0,"Latitude":"33.4342","Longitude":"112.0117"},{"Index":165,"Year":1995.0,"Location":"PHX","Incount":157158.0,"Outcount":157155.0,"Latitude":"33.4342","Longitude":"112.0117"},{"Index":185,"Year":1996.0,"Location":"PHX","Incount":163246.0,"Outcount":163323.0,"Latitude":"33.4342","Longitude":"112.0117"},{"Index":205,"Year":1997.0,"Location":"PHX","Incount":167011.0,"Outcount":167020.0,"Latitude":"33.4342","Longitude":"112.0117"},{"Index":225,"Year":1998.0,"Location":"PHX","Incount":170964.0,"Outcount":171001.0,"Latitude":"33.4342","Longitude":"112.0117"},{"Index":244,"Year":1999.0,"Location":"PHX","Incount":177690.0,"Outcount":177701.0,"Latitude":"33.4342","Longitude":"112.0117"},{"Index":264,"Year":2000.0,"Location":"PHX","Incount":188907.0,"Outcount":188928.0,"Latitude":"33.4342","Longitude":"112.0117"},{"Index":284,"Year":2001.0,"Location":"PHX","Incount":184308.0,"Outcount":184323.0,"Latitude":"33.4342","Longitude":"112.0117"},{"Index":304,"Year":2002.0,"Location":"PHX","Incount":173938.0,"Outcount":173942.0,"Latitude":"33.4342","Longitude":"112.0117"},{"Index":325,"Year":2003.0,"Location":"PHX","Incount":169899.0,"Outcount":169895.0,"Latitude":"33.4342","Longitude":"112.0117"},{"Index":346,"Year":2004.0,"Location":"PHX","Incount":170236.0,"Outcount":170209.0,"Latitude":"33.4342","Longitude":"112.0117"},{"Index":367,"Year":2005.0,"Location":"PHX","Incount":174501.0,"Outcount":174485.0,"Latitude":"33.4342","Longitude":"112.0117"},{"Index":386,"Year":2006.0,"Location":"PHX","Incount":215085.0,"Outcount":215086.0,"Latitude":"33.4342","Longitude":"112.0117"},{"Index":405,"Year":2007.0,"Location":"PHX","Incount":211098.0,"Outcount":211072.0,"Latitude":"33.4342","Longitude":"112.0117"},{"Index":425,"Year":2008.0,"Location":"PHX","Incount":199416.0,"Outcount":199408.0,"Latitude":"33.4342","Longitude":"112.0117"},{"Index":9,"Year":1987.0,"Location":"PIT","Incount":29296.0,"Outcount":28765.0,"Latitude":"40.4914","Longitude":"80.2328"},{"Index":29,"Year":1988.0,"Location":"PIT","Incount":119833.0,"Outcount":118068.0,"Latitude":"40.4914","Longitude":"80.2328"},{"Index":49,"Year":1989.0,"Location":"PIT","Incount":115062.0,"Outcount":113650.0,"Latitude":"40.4914","Longitude":"80.2328"},{"Index":69,"Year":1990.0,"Location":"PIT","Incount":118738.0,"Outcount":117795.0,"Latitude":"40.4914","Longitude":"80.2328"},{"Index":90,"Year":1991.0,"Location":"PIT","Incount":117902.0,"Outcount":117224.0,"Latitude":"40.4914","Longitude":"80.2328"},{"Index":106,"Year":1992.0,"Location":"PIT","Incount":134674.0,"Outcount":133995.0,"Latitude":"40.4914","Longitude":"80.2328"},{"Index":128,"Year":1993.0,"Location":"PIT","Incount":123284.0,"Outcount":122740.0,"Latitude":"40.4914","Longitude":"80.2328"},{"Index":148,"Year":1994.0,"Location":"PIT","Incount":131962.0,"Outcount":130977.0,"Latitude":"40.4914","Longitude":"80.2328"},{"Index":171,"Year":1995.0,"Location":"PIT","Incount":126225.0,"Outcount":126190.0,"Latitude":"40.4914","Longitude":"80.2328"},{"Index":192,"Year":1996.0,"Location":"PIT","Incount":121279.0,"Outcount":121299.0,"Latitude":"40.4914","Longitude":"80.2328"},{"Index":214,"Year":1997.0,"Location":"PIT","Incount":117467.0,"Outcount":117442.0,"Latitude":"40.4914","Longitude":"80.2328"},{"Index":235,"Year":1998.0,"Location":"PIT","Incount":110135.0,"Outcount":110172.0,"Latitude":"40.4914","Longitude":"80.2328"},{"Index":257,"Year":1999.0,"Location":"PIT","Incount":101343.0,"Outcount":101312.0,"Latitude":"40.4914","Longitude":"80.2328"},{"Index":276,"Year":2000.0,"Location":"PIT","Incount":106275.0,"Outcount":106238.0,"Latitude":"40.4914","Longitude":"80.2328"},{"Index":297,"Year":2001.0,"Location":"PIT","Incount":106377.0,"Outcount":106361.0,"Latitude":"40.4914","Longitude":"80.2328"},{"Index":10,"Year":1987.0,"Location":"LGA","Incount":28456.0,"Outcount":28596.0,"Latitude":"40.7772","Longitude":"73.8725"},{"Index":30,"Year":1988.0,"Location":"LGA","Incount":114030.0,"Outcount":114698.0,"Latitude":"40.7772","Longitude":"73.8725"},{"Index":52,"Year":1989.0,"Location":"LGA","Incount":104140.0,"Outcount":104583.0,"Latitude":"40.7772","Longitude":"73.8725"},{"Index":72,"Year":1990.0,"Location":"LGA","Incount":106030.0,"Outcount":106448.0,"Latitude":"40.7772","Longitude":"73.8725"},{"Index":93,"Year":1991.0,"Location":"LGA","Incount":101695.0,"Outcount":102260.0,"Latitude":"40.7772","Longitude":"73.8725"},{"Index":113,"Year":1992.0,"Location":"LGA","Incount":103696.0,"Outcount":104217.0,"Latitude":"40.7772","Longitude":"73.8725"},{"Index":133,"Year":1993.0,"Location":"LGA","Incount":102974.0,"Outcount":103551.0,"Latitude":"40.7772","Longitude":"73.8725"},{"Index":154,"Year":1994.0,"Location":"LGA","Incount":101498.0,"Outcount":101864.0,"Latitude":"40.7772","Longitude":"73.8725"},{"Index":175,"Year":1995.0,"Location":"LGA","Incount":99229.0,"Outcount":99225.0,"Latitude":"40.7772","Longitude":"73.8725"},{"Index":195,"Year":1996.0,"Location":"LGA","Incount":96571.0,"Outcount":96585.0,"Latitude":"40.7772","Longitude":"73.8725"},{"Index":218,"Year":1997.0,"Location":"LGA","Incount":96408.0,"Outcount":96444.0,"Latitude":"40.7772","Longitude":"73.8725"},{"Index":238,"Year":1998.0,"Location":"LGA","Incount":94292.0,"Outcount":94404.0,"Latitude":"40.7772","Longitude":"73.8725"},{"Index":258,"Year":1999.0,"Location":"LGA","Incount":98344.0,"Outcount":98422.0,"Latitude":"40.7772","Longitude":"73.8725"},{"Index":278,"Year":2000.0,"Location":"LGA","Incount":104112.0,"Outcount":104177.0,"Latitude":"40.7772","Longitude":"73.8725"},{"Index":296,"Year":2001.0,"Location":"LGA","Incount":116494.0,"Outcount":116470.0,"Latitude":"40.7772","Longitude":"73.8725"},{"Index":317,"Year":2002.0,"Location":"LGA","Incount":93554.0,"Outcount":93561.0,"Latitude":"40.7772","Longitude":"73.8725"},{"Index":335,"Year":2003.0,"Location":"LGA","Incount":106730.0,"Outcount":106731.0,"Latitude":"40.7772","Longitude":"73.8725"},{"Index":356,"Year":2004.0,"Location":"LGA","Incount":127561.0,"Outcount":127513.0,"Latitude":"40.7772","Longitude":"73.8725"},{"Index":375,"Year":2005.0,"Location":"LGA","Incount":127557.0,"Outcount":127530.0,"Latitude":"40.7772","Longitude":"73.8725"},{"Index":393,"Year":2006.0,"Location":"LGA","Incount":127435.0,"Outcount":127459.0,"Latitude":"40.7772","Longitude":"73.8725"},{"Index":417,"Year":2007.0,"Location":"LGA","Incount":122877.0,"Outcount":122899.0,"Latitude":"40.7772","Longitude":"73.8725"},{"Index":435,"Year":2008.0,"Location":"LGA","Incount":119117.0,"Outcount":119135.0,"Latitude":"40.7772","Longitude":"73.8725"},{"Index":11,"Year":1987.0,"Location":"DTW","Incount":28452.0,"Outcount":27548.0,"Latitude":"42.2125","Longitude":"83.3533"},{"Index":31,"Year":1988.0,"Location":"DTW","Incount":111714.0,"Outcount":108114.0,"Latitude":"42.2125","Longitude":"83.3533"},{"Index":48,"Year":1989.0,"Location":"DTW","Incount":118715.0,"Outcount":115873.0,"Latitude":"42.2125","Longitude":"83.3533"},{"Index":68,"Year":1990.0,"Location":"DTW","Incount":122012.0,"Outcount":120331.0,"Latitude":"42.2125","Longitude":"83.3533"},{"Index":89,"Year":1991.0,"Location":"DTW","Incount":121072.0,"Outcount":119649.0,"Latitude":"42.2125","Longitude":"83.3533"},{"Index":107,"Year":1992.0,"Location":"DTW","Incount":125813.0,"Outcount":124265.0,"Latitude":"42.2125","Longitude":"83.3533"},{"Index":127,"Year":1993.0,"Location":"DTW","Incount":131123.0,"Outcount":127808.0,"Latitude":"42.2125","Longitude":"83.3533"},{"Index":147,"Year":1994.0,"Location":"DTW","Incount":139435.0,"Outcount":136837.0,"Latitude":"42.2125","Longitude":"83.3533"},{"Index":166,"Year":1995.0,"Location":"DTW","Incount":147570.0,"Outcount":147610.0,"Latitude":"42.2125","Longitude":"83.3533"},{"Index":186,"Year":1996.0,"Location":"DTW","Incount":154556.0,"Outcount":154556.0,"Latitude":"42.2125","Longitude":"83.3533"},{"Index":206,"Year":1997.0,"Location":"DTW","Incount":155592.0,"Outcount":155568.0,"Latitude":"42.2125","Longitude":"83.3533"},{"Index":226,"Year":1998.0,"Location":"DTW","Incount":153436.0,"Outcount":153413.0,"Latitude":"42.2125","Longitude":"83.3533"},{"Index":246,"Year":1999.0,"Location":"DTW","Incount":154197.0,"Outcount":154172.0,"Latitude":"42.2125","Longitude":"83.3533"},{"Index":266,"Year":2000.0,"Location":"DTW","Incount":153502.0,"Outcount":153510.0,"Latitude":"42.2125","Longitude":"83.3533"},{"Index":286,"Year":2001.0,"Location":"DTW","Incount":148755.0,"Outcount":148767.0,"Latitude":"42.2125","Longitude":"83.3533"},{"Index":306,"Year":2002.0,"Location":"DTW","Incount":140676.0,"Outcount":140681.0,"Latitude":"42.2125","Longitude":"83.3533"},{"Index":330,"Year":2003.0,"Location":"DTW","Incount":139831.0,"Outcount":139844.0,"Latitude":"42.2125","Longitude":"83.3533"},{"Index":351,"Year":2004.0,"Location":"DTW","Incount":146595.0,"Outcount":146598.0,"Latitude":"42.2125","Longitude":"83.3533"},{"Index":372,"Year":2005.0,"Location":"DTW","Incount":136221.0,"Outcount":136220.0,"Latitude":"42.2125","Longitude":"83.3533"},{"Index":392,"Year":2006.0,"Location":"DTW","Incount":128400.0,"Outcount":128327.0,"Latitude":"42.2125","Longitude":"83.3533"},{"Index":408,"Year":2007.0,"Location":"DTW","Incount":177471.0,"Outcount":177478.0,"Latitude":"42.2125","Longitude":"83.3533"},{"Index":428,"Year":2008.0,"Location":"DTW","Incount":162000.0,"Outcount":161989.0,"Latitude":"42.2125","Longitude":"83.3533"},{"Index":12,"Year":1987.0,"Location":"BOS","Incount":25056.0,"Outcount":25250.0,"Latitude":"42.3631","Longitude":"71.0064"},{"Index":33,"Year":1988.0,"Location":"BOS","Incount":99369.0,"Outcount":99921.0,"Latitude":"42.3631","Longitude":"71.0064"},{"Index":54,"Year":1989.0,"Location":"BOS","Incount":91453.0,"Outcount":91600.0,"Latitude":"42.3631","Longitude":"71.0064"},{"Index":74,"Year":1990.0,"Location":"BOS","Incount":93562.0,"Outcount":94092.0,"Latitude":"42.3631","Longitude":"71.0064"},{"Index":95,"Year":1991.0,"Location":"BOS","Incount":90967.0,"Outcount":91360.0,"Latitude":"42.3631","Longitude":"71.0064"},{"Index":115,"Year":1992.0,"Location":"BOS","Incount":93143.0,"Outcount":93521.0,"Latitude":"42.3631","Longitude":"71.0064"},{"Index":136,"Year":1993.0,"Location":"BOS","Incount":94847.0,"Outcount":95331.0,"Latitude":"42.3631","Longitude":"71.0064"},{"Index":155,"Year":1994.0,"Location":"BOS","Incount":99331.0,"Outcount":100365.0,"Latitude":"42.3631","Longitude":"71.0064"},{"Index":176,"Year":1995.0,"Location":"BOS","Incount":92738.0,"Outcount":92852.0,"Latitude":"42.3631","Longitude":"71.0064"},{"Index":198,"Year":1996.0,"Location":"BOS","Incount":93226.0,"Outcount":93213.0,"Latitude":"42.3631","Longitude":"71.0064"},{"Index":216,"Year":1997.0,"Location":"BOS","Incount":98247.0,"Outcount":98268.0,"Latitude":"42.3631","Longitude":"71.0064"},{"Index":236,"Year":1998.0,"Location":"BOS","Incount":98422.0,"Outcount":98415.0,"Latitude":"42.3631","Longitude":"71.0064"},{"Index":255,"Year":1999.0,"Location":"BOS","Incount":107768.0,"Outcount":107790.0,"Latitude":"42.3631","Longitude":"71.0064"},{"Index":275,"Year":2000.0,"Location":"BOS","Incount":113094.0,"Outcount":113056.0,"Latitude":"42.3631","Longitude":"71.0064"},{"Index":289,"Year":2001.0,"Location":"BOS","Incount":133019.0,"Outcount":133013.0,"Latitude":"42.3631","Longitude":"71.0064"},{"Index":312,"Year":2002.0,"Location":"BOS","Incount":109852.0,"Outcount":109820.0,"Latitude":"42.3631","Longitude":"71.0064"},{"Index":333,"Year":2003.0,"Location":"BOS","Incount":115474.0,"Outcount":115460.0,"Latitude":"42.3631","Longitude":"71.0064"},{"Index":354,"Year":2004.0,"Location":"BOS","Incount":132366.0,"Outcount":132339.0,"Latitude":"42.3631","Longitude":"71.0064"},{"Index":374,"Year":2005.0,"Location":"BOS","Incount":127993.0,"Outcount":128006.0,"Latitude":"42.3631","Longitude":"71.0064"},{"Index":391,"Year":2006.0,"Location":"BOS","Incount":131030.0,"Outcount":131050.0,"Latitude":"42.3631","Longitude":"71.0064"},{"Index":414,"Year":2007.0,"Location":"BOS","Incount":128285.0,"Outcount":128320.0,"Latitude":"42.3631","Longitude":"71.0064"},{"Index":437,"Year":2008.0,"Location":"BOS","Incount":117944.0,"Outcount":117915.0,"Latitude":"42.3631","Longitude":"71.0064"},{"Index":13,"Year":1987.0,"Location":"CLT","Incount":24664.0,"Outcount":24518.0,"Latitude":"35.2139","Longitude":"80.9431"},{"Index":32,"Year":1988.0,"Location":"CLT","Incount":102235.0,"Outcount":101093.0,"Latitude":"35.2139","Longitude":"80.9431"},{"Index":51,"Year":1989.0,"Location":"CLT","Incount":110570.0,"Outcount":109552.0,"Latitude":"35.2139","Longitude":"80.9431"},{"Index":71,"Year":1990.0,"Location":"CLT","Incount":116209.0,"Outcount":115470.0,"Latitude":"35.2139","Longitude":"80.9431"},{"Index":87,"Year":1991.0,"Location":"CLT","Incount":122921.0,"Outcount":122069.0,"Latitude":"35.2139","Longitude":"80.9431"},{"Index":108,"Year":1992.0,"Location":"CLT","Incount":124748.0,"Outcount":123343.0,"Latitude":"35.2139","Longitude":"80.9431"},{"Index":130,"Year":1993.0,"Location":"CLT","Incount":118689.0,"Outcount":117805.0,"Latitude":"35.2139","Longitude":"80.9431"},{"Index":149,"Year":1994.0,"Location":"CLT","Incount":130321.0,"Outcount":129391.0,"Latitude":"35.2139","Longitude":"80.9431"},{"Index":168,"Year":1995.0,"Location":"CLT","Incount":131420.0,"Outcount":131417.0,"Latitude":"35.2139","Longitude":"80.9431"},{"Index":190,"Year":1996.0,"Location":"CLT","Incount":131185.0,"Outcount":131181.0,"Latitude":"35.2139","Longitude":"80.9431"},{"Index":210,"Year":1997.0,"Location":"CLT","Incount":128727.0,"Outcount":128718.0,"Latitude":"35.2139","Longitude":"80.9431"},{"Index":231,"Year":1998.0,"Location":"CLT","Incount":124970.0,"Outcount":124977.0,"Latitude":"35.2139","Longitude":"80.9431"},{"Index":253,"Year":1999.0,"Location":"CLT","Incount":120591.0,"Outcount":120589.0,"Latitude":"35.2139","Longitude":"80.9431"},{"Index":272,"Year":2000.0,"Location":"CLT","Incount":130619.0,"Outcount":130623.0,"Latitude":"35.2139","Longitude":"80.9431"},{"Index":292,"Year":2001.0,"Location":"CLT","Incount":128277.0,"Outcount":128349.0,"Latitude":"35.2139","Longitude":"80.9431"},{"Index":311,"Year":2002.0,"Location":"CLT","Incount":110774.0,"Outcount":110747.0,"Latitude":"35.2139","Longitude":"80.9431"},{"Index":337,"Year":2003.0,"Location":"CLT","Incount":103418.0,"Outcount":103417.0,"Latitude":"35.2139","Longitude":"80.9431"},{"Index":379,"Year":2005.0,"Location":"CLT","Incount":114553.0,"Outcount":114510.0,"Latitude":"35.2139","Longitude":"80.9431"},{"Index":397,"Year":2006.0,"Location":"CLT","Incount":117474.0,"Outcount":117455.0,"Latitude":"35.2139","Longitude":"80.9431"},{"Index":415,"Year":2007.0,"Location":"CLT","Incount":127116.0,"Outcount":127108.0,"Latitude":"35.2139","Longitude":"80.9431"},{"Index":434,"Year":2008.0,"Location":"CLT","Incount":126030.0,"Outcount":126045.0,"Latitude":"35.2139","Longitude":"80.9431"},{"Index":14,"Year":1987.0,"Location":"MSP","Incount":23601.0,"Outcount":23108.0,"Latitude":"44.8819","Longitude":"93.2217"},{"Index":34,"Year":1988.0,"Location":"MSP","Incount":97206.0,"Outcount":95265.0,"Latitude":"44.8819","Longitude":"93.2217"},{"Index":53,"Year":1989.0,"Location":"MSP","Incount":100184.0,"Outcount":99072.0,"Latitude":"44.8819","Longitude":"93.2217"},{"Index":73,"Year":1990.0,"Location":"MSP","Incount":103223.0,"Outcount":102298.0,"Latitude":"44.8819","Longitude":"93.2217"},{"Index":92,"Year":1991.0,"Location":"MSP","Incount":107400.0,"Outcount":106515.0,"Latitude":"44.8819","Longitude":"93.2217"},{"Index":111,"Year":1992.0,"Location":"MSP","Incount":116224.0,"Outcount":115258.0,"Latitude":"44.8819","Longitude":"93.2217"},{"Index":129,"Year":1993.0,"Location":"MSP","Incount":122981.0,"Outcount":120572.0,"Latitude":"44.8819","Longitude":"93.2217"},{"Index":150,"Year":1994.0,"Location":"MSP","Incount":124758.0,"Outcount":123222.0,"Latitude":"44.8819","Longitude":"93.2217"},{"Index":167,"Year":1995.0,"Location":"MSP","Incount":136419.0,"Outcount":136436.0,"Latitude":"44.8819","Longitude":"93.2217"},{"Index":187,"Year":1996.0,"Location":"MSP","Incount":141907.0,"Outcount":141924.0,"Latitude":"44.8819","Longitude":"93.2217"},{"Index":208,"Year":1997.0,"Location":"MSP","Incount":138092.0,"Outcount":138087.0,"Latitude":"44.8819","Longitude":"93.2217"},{"Index":228,"Year":1998.0,"Location":"MSP","Incount":136665.0,"Outcount":136693.0,"Latitude":"44.8819","Longitude":"93.2217"},{"Index":247,"Year":1999.0,"Location":"MSP","Incount":143415.0,"Outcount":143419.0,"Latitude":"44.8819","Longitude":"93.2217"},{"Index":267,"Year":2000.0,"Location":"MSP","Incount":147279.0,"Outcount":147284.0,"Latitude":"44.8819","Longitude":"93.2217"},{"Index":287,"Year":2001.0,"Location":"MSP","Incount":142448.0,"Outcount":142507.0,"Latitude":"44.8819","Longitude":"93.2217"},{"Index":305,"Year":2002.0,"Location":"MSP","Incount":141534.0,"Outcount":141540.0,"Latitude":"44.8819","Longitude":"93.2217"},{"Index":327,"Year":2003.0,"Location":"MSP","Incount":144831.0,"Outcount":144836.0,"Latitude":"44.8819","Longitude":"93.2217"},{"Index":350,"Year":2004.0,"Location":"MSP","Incount":146944.0,"Outcount":146935.0,"Latitude":"44.8819","Longitude":"93.2217"},{"Index":371,"Year":2005.0,"Location":"MSP","Incount":137396.0,"Outcount":137393.0,"Latitude":"44.8819","Longitude":"93.2217"},{"Index":395,"Year":2006.0,"Location":"MSP","Incount":126532.0,"Outcount":126498.0,"Latitude":"44.8819","Longitude":"93.2217"},{"Index":409,"Year":2007.0,"Location":"MSP","Incount":155832.0,"Outcount":155846.0,"Latitude":"44.8819","Longitude":"93.2217"},{"Index":433,"Year":2008.0,"Location":"MSP","Incount":130320.0,"Outcount":130289.0,"Latitude":"44.8819","Longitude":"93.2217"},{"Index":15,"Year":1987.0,"Location":"DCA","Incount":21979.0,"Outcount":22016.0,"Latitude":"38.8522","Longitude":"77.0378"},{"Index":35,"Year":1988.0,"Location":"DCA","Incount":88882.0,"Outcount":89277.0,"Latitude":"38.8522","Longitude":"77.0378"},{"Index":56,"Year":1989.0,"Location":"DCA","Incount":82348.0,"Outcount":82820.0,"Latitude":"38.8522","Longitude":"77.0378"},{"Index":76,"Year":1990.0,"Location":"DCA","Incount":86131.0,"Outcount":86835.0,"Latitude":"38.8522","Longitude":"77.0378"},{"Index":98,"Year":1991.0,"Location":"DCA","Incount":82500.0,"Outcount":83117.0,"Latitude":"38.8522","Longitude":"77.0378"},{"Index":119,"Year":1992.0,"Location":"DCA","Incount":85271.0,"Outcount":85960.0,"Latitude":"38.8522","Longitude":"77.0378"},{"Index":138,"Year":1993.0,"Location":"DCA","Incount":87184.0,"Outcount":87948.0,"Latitude":"38.8522","Longitude":"77.0378"},{"Index":158,"Year":1994.0,"Location":"DCA","Incount":87670.0,"Outcount":88445.0,"Latitude":"38.8522","Longitude":"77.0378"},{"Index":179,"Year":1995.0,"Location":"DCA","Incount":86239.0,"Outcount":86266.0,"Latitude":"38.8522","Longitude":"77.0378"},{"Index":16,"Year":1987.0,"Location":"IAH","Incount":21830.0,"Outcount":21566.0,"Latitude":"29.9844","Longitude":"95.3414"},{"Index":36,"Year":1988.0,"Location":"IAH","Incount":86692.0,"Outcount":85012.0,"Latitude":"29.9844","Longitude":"95.3414"},{"Index":55,"Year":1989.0,"Location":"IAH","Incount":88817.0,"Outcount":87830.0,"Latitude":"29.9844","Longitude":"95.3414"},{"Index":75,"Year":1990.0,"Location":"IAH","Incount":92373.0,"Outcount":91175.0,"Latitude":"29.9844","Longitude":"95.3414"},{"Index":96,"Year":1991.0,"Location":"IAH","Incount":88943.0,"Outcount":88500.0,"Latitude":"29.9844","Longitude":"95.3414"},{"Index":114,"Year":1992.0,"Location":"IAH","Incount":94856.0,"Outcount":94555.0,"Latitude":"29.9844","Longitude":"95.3414"},{"Index":134,"Year":1993.0,"Location":"IAH","Incount":100075.0,"Outcount":99887.0,"Latitude":"29.9844","Longitude":"95.3414"},{"Index":153,"Year":1994.0,"Location":"IAH","Incount":104409.0,"Outcount":104182.0,"Latitude":"29.9844","Longitude":"95.3414"},{"Index":172,"Year":1995.0,"Location":"IAH","Incount":121026.0,"Outcount":121029.0,"Latitude":"29.9844","Longitude":"95.3414"},{"Index":191,"Year":1996.0,"Location":"IAH","Incount":123724.0,"Outcount":123742.0,"Latitude":"29.9844","Longitude":"95.3414"},{"Index":211,"Year":1997.0,"Location":"IAH","Incount":124273.0,"Outcount":124263.0,"Latitude":"29.9844","Longitude":"95.3414"},{"Index":230,"Year":1998.0,"Location":"IAH","Incount":125117.0,"Outcount":125122.0,"Latitude":"29.9844","Longitude":"95.3414"},{"Index":250,"Year":1999.0,"Location":"IAH","Incount":129514.0,"Outcount":129472.0,"Latitude":"29.9844","Longitude":"95.3414"},{"Index":271,"Year":2000.0,"Location":"IAH","Incount":131084.0,"Outcount":131047.0,"Latitude":"29.9844","Longitude":"95.3414"},{"Index":291,"Year":2001.0,"Location":"IAH","Incount":128612.0,"Outcount":128581.0,"Latitude":"29.9844","Longitude":"95.3414"},{"Index":310,"Year":2002.0,"Location":"IAH","Incount":119695.0,"Outcount":119677.0,"Latitude":"29.9844","Longitude":"95.3414"},{"Index":324,"Year":2003.0,"Location":"IAH","Incount":185161.0,"Outcount":185182.0,"Latitude":"29.9844","Longitude":"95.3414"},{"Index":345,"Year":2004.0,"Location":"IAH","Incount":202096.0,"Outcount":202030.0,"Latitude":"29.9844","Longitude":"95.3414"},{"Index":364,"Year":2005.0,"Location":"IAH","Incount":212082.0,"Outcount":212013.0,"Latitude":"29.9844","Longitude":"95.3414"},{"Index":385,"Year":2006.0,"Location":"IAH","Incount":224004.0,"Outcount":224061.0,"Latitude":"29.9844","Longitude":"95.3414"},{"Index":406,"Year":2007.0,"Location":"IAH","Incount":200428.0,"Outcount":200420.0,"Latitude":"29.9844","Longitude":"95.3414"},{"Index":426,"Year":2008.0,"Location":"IAH","Incount":185160.0,"Outcount":185172.0,"Latitude":"29.9844","Longitude":"95.3414"},{"Index":17,"Year":1987.0,"Location":"PHL","Incount":20474.0,"Outcount":20570.0,"Latitude":"39.8722","Longitude":"75.2408"},{"Index":37,"Year":1988.0,"Location":"PHL","Incount":83796.0,"Outcount":84069.0,"Latitude":"39.8722","Longitude":"75.2408"},{"Index":58,"Year":1989.0,"Location":"PHL","Incount":74991.0,"Outcount":75422.0,"Latitude":"39.8722","Longitude":"75.2408"},{"Index":78,"Year":1990.0,"Location":"PHL","Incount":81841.0,"Outcount":82321.0,"Latitude":"39.8722","Longitude":"75.2408"},{"Index":97,"Year":1991.0,"Location":"PHL","Incount":82658.0,"Outcount":83113.0,"Latitude":"39.8722","Longitude":"75.2408"},{"Index":116,"Year":1992.0,"Location":"PHL","Incount":89270.0,"Outcount":89564.0,"Latitude":"39.8722","Longitude":"75.2408"},{"Index":135,"Year":1993.0,"Location":"PHL","Incount":95754.0,"Outcount":96101.0,"Latitude":"39.8722","Longitude":"75.2408"},{"Index":157,"Year":1994.0,"Location":"PHL","Incount":93312.0,"Outcount":93585.0,"Latitude":"39.8722","Longitude":"75.2408"},{"Index":178,"Year":1995.0,"Location":"PHL","Incount":91700.0,"Outcount":91577.0,"Latitude":"39.8722","Longitude":"75.2408"},{"Index":197,"Year":1996.0,"Location":"PHL","Incount":94314.0,"Outcount":94304.0,"Latitude":"39.8722","Longitude":"75.2408"},{"Index":215,"Year":1997.0,"Location":"PHL","Incount":108825.0,"Outcount":108829.0,"Latitude":"39.8722","Longitude":"75.2408"},{"Index":234,"Year":1998.0,"Location":"PHL","Incount":112034.0,"Outcount":111999.0,"Latitude":"39.8722","Longitude":"75.2408"},{"Index":254,"Year":1999.0,"Location":"PHL","Incount":115241.0,"Outcount":115235.0,"Latitude":"39.8722","Longitude":"75.2408"},{"Index":274,"Year":2000.0,"Location":"PHL","Incount":121136.0,"Outcount":121151.0,"Latitude":"39.8722","Longitude":"75.2408"},{"Index":295,"Year":2001.0,"Location":"PHL","Incount":119704.0,"Outcount":119686.0,"Latitude":"39.8722","Longitude":"75.2408"},{"Index":313,"Year":2002.0,"Location":"PHL","Incount":108184.0,"Outcount":107756.0,"Latitude":"39.8722","Longitude":"75.2408"},{"Index":334,"Year":2003.0,"Location":"PHL","Incount":108736.0,"Outcount":108742.0,"Latitude":"39.8722","Longitude":"75.2408"},{"Index":357,"Year":2004.0,"Location":"PHL","Incount":121755.0,"Outcount":121721.0,"Latitude":"39.8722","Longitude":"75.2408"},{"Index":376,"Year":2005.0,"Location":"PHL","Incount":126397.0,"Outcount":126429.0,"Latitude":"39.8722","Longitude":"75.2408"},{"Index":399,"Year":2006.0,"Location":"PHL","Incount":108307.0,"Outcount":108313.0,"Latitude":"39.8722","Longitude":"75.2408"},{"Index":18,"Year":1987.0,"Location":"MEM","Incount":19841.0,"Outcount":19081.0,"Latitude":"35.0425","Longitude":"89.9767"},{"Index":38,"Year":1988.0,"Location":"MEM","Incount":75965.0,"Outcount":74380.0,"Latitude":"35.0425","Longitude":"89.9767"},{"Index":19,"Year":1987.0,"Location":"LAS","Incount":19149.0,"Outcount":19239.0,"Latitude":"36.08","Longitude":"115.1522"},{"Index":57,"Year":1989.0,"Location":"LAS","Incount":77870.0,"Outcount":78382.0,"Latitude":"36.08","Longitude":"115.1522"},{"Index":77,"Year":1990.0,"Location":"LAS","Incount":85890.0,"Outcount":86219.0,"Latitude":"36.08","Longitude":"115.1522"},{"Index":94,"Year":1991.0,"Location":"LAS","Incount":91766.0,"Outcount":91970.0,"Latitude":"36.08","Longitude":"115.1522"},{"Index":118,"Year":1992.0,"Location":"LAS","Incount":85962.0,"Outcount":86201.0,"Latitude":"36.08","Longitude":"115.1522"},{"Index":137,"Year":1993.0,"Location":"LAS","Incount":89193.0,"Outcount":89518.0,"Latitude":"36.08","Longitude":"115.1522"},{"Index":156,"Year":1994.0,"Location":"LAS","Incount":94948.0,"Outcount":94972.0,"Latitude":"36.08","Longitude":"115.1522"},{"Index":173,"Year":1995.0,"Location":"LAS","Incount":112200.0,"Outcount":112181.0,"Latitude":"36.08","Longitude":"115.1522"},{"Index":193,"Year":1996.0,"Location":"LAS","Incount":119699.0,"Outcount":119602.0,"Latitude":"36.08","Longitude":"115.1522"},{"Index":213,"Year":1997.0,"Location":"LAS","Incount":121058.0,"Outcount":121022.0,"Latitude":"36.08","Longitude":"115.1522"},{"Index":233,"Year":1998.0,"Location":"LAS","Incount":119417.0,"Outcount":119377.0,"Latitude":"36.08","Longitude":"115.1522"},{"Index":252,"Year":1999.0,"Location":"LAS","Incount":125168.0,"Outcount":125125.0,"Latitude":"36.08","Longitude":"115.1522"},{"Index":268,"Year":2000.0,"Location":"LAS","Incount":137789.0,"Outcount":137763.0,"Latitude":"36.08","Longitude":"115.1522"},{"Index":288,"Year":2001.0,"Location":"LAS","Incount":136186.0,"Outcount":136107.0,"Latitude":"36.08","Longitude":"115.1522"},{"Index":308,"Year":2002.0,"Location":"LAS","Incount":130597.0,"Outcount":130594.0,"Latitude":"36.08","Longitude":"115.1522"},{"Index":328,"Year":2003.0,"Location":"LAS","Incount":143171.0,"Outcount":143179.0,"Latitude":"36.08","Longitude":"115.1522"},{"Index":347,"Year":2004.0,"Location":"LAS","Incount":158157.0,"Outcount":158177.0,"Latitude":"36.08","Longitude":"115.1522"},{"Index":368,"Year":2005.0,"Location":"LAS","Incount":167557.0,"Outcount":167534.0,"Latitude":"36.08","Longitude":"115.1522"},{"Index":387,"Year":2006.0,"Location":"LAS","Incount":184716.0,"Outcount":184733.0,"Latitude":"36.08","Longitude":"115.1522"},{"Index":407,"Year":2007.0,"Location":"LAS","Incount":183691.0,"Outcount":183668.0,"Latitude":"36.08","Longitude":"115.1522"},{"Index":427,"Year":2008.0,"Location":"LAS","Incount":172871.0,"Outcount":172876.0,"Latitude":"36.08","Longitude":"115.1522"},{"Index":39,"Year":1988.0,"Location":"MIA","Incount":73336.0,"Outcount":null,"Latitude":"25.7932","Longitude":"80.2906"},{"Index":59,"Year":1989.0,"Location":"SEA","Incount":74177.0,"Outcount":73754.0,"Latitude":"47.45","Longitude":"122.3117"},{"Index":79,"Year":1990.0,"Location":"SEA","Incount":79735.0,"Outcount":79618.0,"Latitude":"47.45","Longitude":"122.3117"},{"Index":177,"Year":1995.0,"Location":"SEA","Incount":92016.0,"Outcount":92016.0,"Latitude":"47.45","Longitude":"122.3117"},{"Index":196,"Year":1996.0,"Location":"SEA","Incount":96280.0,"Outcount":96266.0,"Latitude":"47.45","Longitude":"122.3117"},{"Index":217,"Year":1997.0,"Location":"SEA","Incount":97644.0,"Outcount":97653.0,"Latitude":"47.45","Longitude":"122.3117"},{"Index":237,"Year":1998.0,"Location":"SEA","Incount":98318.0,"Outcount":98314.0,"Latitude":"47.45","Longitude":"122.3117"},{"Index":256,"Year":1999.0,"Location":"SEA","Incount":103189.0,"Outcount":103160.0,"Latitude":"47.45","Longitude":"122.3117"},{"Index":277,"Year":2000.0,"Location":"SEA","Incount":104916.0,"Outcount":104910.0,"Latitude":"47.45","Longitude":"122.3117"},{"Index":298,"Year":2001.0,"Location":"SEA","Incount":102734.0,"Outcount":102752.0,"Latitude":"47.45","Longitude":"122.3117"},{"Index":315,"Year":2002.0,"Location":"SEA","Incount":100581.0,"Outcount":100584.0,"Latitude":"47.45","Longitude":"122.3117"},{"Index":336,"Year":2003.0,"Location":"SEA","Incount":104604.0,"Outcount":104605.0,"Latitude":"47.45","Longitude":"122.3117"},{"Index":358,"Year":2004.0,"Location":"SEA","Incount":109389.0,"Outcount":109418.0,"Latitude":"47.45","Longitude":"122.3117"},{"Index":438,"Year":2008.0,"Location":"SEA","Incount":109075.0,"Outcount":109069.0,"Latitude":"47.45","Longitude":"122.3117"},{"Index":99,"Year":1991.0,"Location":"MCO","Incount":80343.0,"Outcount":80685.0,"Latitude":"28.4294","Longitude":"81.3089"},{"Index":117,"Year":1992.0,"Location":"MCO","Incount":89183.0,"Outcount":89340.0,"Latitude":"28.4294","Longitude":"81.3089"},{"Index":139,"Year":1993.0,"Location":"MCO","Incount":80903.0,"Outcount":81391.0,"Latitude":"28.4294","Longitude":"81.3089"},{"Index":159,"Year":1994.0,"Location":"MCO","Incount":76600.0,"Outcount":77120.0,"Latitude":"28.4294","Longitude":"81.3089"},{"Index":219,"Year":1997.0,"Location":"MCO","Incount":89857.0,"Outcount":89861.0,"Latitude":"28.4294","Longitude":"81.3089"},{"Index":239,"Year":1998.0,"Location":"MCO","Incount":92021.0,"Outcount":92028.0,"Latitude":"28.4294","Longitude":"81.3089"},{"Index":259,"Year":1999.0,"Location":"MCO","Incount":97911.0,"Outcount":97926.0,"Latitude":"28.4294","Longitude":"81.3089"},{"Index":279,"Year":2000.0,"Location":"MCO","Incount":99975.0,"Outcount":99951.0,"Latitude":"28.4294","Longitude":"81.3089"},{"Index":319,"Year":2002.0,"Location":"MCO","Incount":81480.0,"Outcount":81485.0,"Latitude":"28.4294","Longitude":"81.3089"},{"Index":359,"Year":2004.0,"Location":"MCO","Incount":108763.0,"Outcount":108762.0,"Latitude":"28.4294","Longitude":"81.3089"},{"Index":378,"Year":2005.0,"Location":"MCO","Incount":118744.0,"Outcount":118741.0,"Latitude":"28.4294","Longitude":"81.3089"},{"Index":396,"Year":2006.0,"Location":"MCO","Incount":118916.0,"Outcount":118910.0,"Latitude":"28.4294","Longitude":"81.3089"},{"Index":413,"Year":2007.0,"Location":"MCO","Incount":129801.0,"Outcount":129778.0,"Latitude":"28.4294","Longitude":"81.3089"},{"Index":432,"Year":2008.0,"Location":"MCO","Incount":130859.0,"Outcount":130872.0,"Latitude":"28.4294","Longitude":"81.3089"},{"Index":440,"Year":1988.0,"Location":"MCO","Incount":null,"Outcount":72723.0,"Latitude":"28.4294","Longitude":"81.3089"},{"Index":199,"Year":1996.0,"Location":"SLC","Incount":88328.0,"Outcount":88332.0,"Latitude":"40.7883","Longitude":"111.9778"},{"Index":331,"Year":2003.0,"Location":"SLC","Incount":125647.0,"Outcount":125545.0,"Latitude":"40.7883","Longitude":"111.9778"},{"Index":352,"Year":2004.0,"Location":"SLC","Incount":138870.0,"Outcount":138724.0,"Latitude":"40.7883","Longitude":"111.9778"},{"Index":369,"Year":2005.0,"Location":"SLC","Incount":160822.0,"Outcount":160514.0,"Latitude":"40.7883","Longitude":"111.9778"},{"Index":389,"Year":2006.0,"Location":"SLC","Incount":142262.0,"Outcount":142080.0,"Latitude":"40.7883","Longitude":"111.9778"},{"Index":411,"Year":2007.0,"Location":"SLC","Incount":147789.0,"Outcount":147808.0,"Latitude":"40.7883","Longitude":"111.9778"},{"Index":430,"Year":2008.0,"Location":"SLC","Incount":139077.0,"Outcount":139088.0,"Latitude":"40.7883","Longitude":"111.9778"},{"Index":299,"Year":2001.0,"Location":"BWI","Incount":99840.0,"Outcount":99834.0,"Latitude":"39.1753","Longitude":"76.6683"},{"Index":318,"Year":2002.0,"Location":"BWI","Incount":86858.0,"Outcount":86856.0,"Latitude":"39.1753","Longitude":"76.6683"},{"Index":419,"Year":2007.0,"Location":"BWI","Incount":109354.0,"Outcount":109385.0,"Latitude":"39.1753","Longitude":"76.6683"},{"Index":439,"Year":2008.0,"Location":"BWI","Incount":104068.0,"Outcount":104074.0,"Latitude":"39.1753","Longitude":"76.6683"},{"Index":338,"Year":2003.0,"Location":"IAD","Incount":103370.0,"Outcount":103386.0,"Latitude":"38.9475","Longitude":"77.46"},{"Index":353,"Year":2004.0,"Location":"IAD","Incount":132818.0,"Outcount":132797.0,"Latitude":"38.9475","Longitude":"77.46"},{"Index":377,"Year":2005.0,"Location":"IAD","Incount":122379.0,"Outcount":122342.0,"Latitude":"38.9475","Longitude":"77.46"},{"Index":344,"Year":2004.0,"Location":"CVG","Incount":207937.0,"Outcount":208011.0,"Latitude":"39.0489","Longitude":"84.6678"},{"Index":365,"Year":2005.0,"Location":"CVG","Incount":208428.0,"Outcount":208645.0,"Latitude":"39.0489","Longitude":"84.6678"},{"Index":394,"Year":2006.0,"Location":"CVG","Incount":126725.0,"Outcount":126680.0,"Latitude":"39.0489","Longitude":"84.6678"},{"Index":418,"Year":2007.0,"Location":"CVG","Incount":110552.0,"Outcount":110509.0,"Latitude":"39.0489","Longitude":"84.6678"},{"Index":398,"Year":2006.0,"Location":"JFK","Incount":110464.0,"Outcount":110367.0,"Latitude":"40.6397","Longitude":"73.7789"},{"Index":416,"Year":2007.0,"Location":"JFK","Incount":126338.0,"Outcount":126366.0,"Latitude":"40.6397","Longitude":"73.7789"},{"Index":436,"Year":2008.0,"Location":"JFK","Incount":118802.0,"Outcount":118804.0,"Latitude":"40.6397","Longitude":"73.7789"}]